,0,1
0,8746,@handle Let's try and catch up live next week!
1,8746,Going to watch Grey's on the big screen - Thursday indulgence.....
2,8746,@handle My pleasure Patrick....hope you are well!
3,8746,@handle Hi there! Been traveling a lot and lots more to come this and next month - recovered from the pneumonia - but well! How r u?
4,8746,RT @handle Looking to Drink Clean & Go Green? Purchase your Clear2Go bottle w/ filter at your nearest @handle
5,8746,RT @handle: Ft. Hood officials confirm the 2 other soldiers initially held as suspects have been released
6,8746,RT @handle: Mickey Mouse is Getting a Make Over http://bit.ly/1UstFu @handle
7,8746,@handle How did u get the invite Justin?
8,8746,@handle I think I am still a good friend of hers - lol!
9,8746,@handle I remember! I am fine - how are u? What's new?
10,8746,@handle That's great - good for the coach!!!!!
11,8746,@handle I don't want to picture u sitting on it - lol - but I understand.....
12,8746,@handle D- Thanks for the RTs....are you going to WOMMA Summit?
13,8746,@handle Grrr....you must be going crazy!
14,8746,@handle Hi there - just catching up from my trip - any news on Dale?
15,8746,RT @handle: If you're looking for some great lists to follow then check mine out! = http://bit.ly/JPlists
16,8746,RT @handle: Retailers who arenâ€™t engaging customers through social media could be missing the boat. http://ow.ly/zxvh
17,8746,"RT @handle: Director of Global Brand Marketing, Hotels and Casino's $125k + 30% bonus - Orlando Fl http://bit.ly/4kUmBB #jobs #twitjobs"
18,8746,Still in car....want to jump out....45 minutes eta!!!
19,8746,"RT @handle: ""Only surround yourself with people who will lift you higher."" Oprah Winfrey #inspiration"
20,8746,@handle wish I could but 24/7 w stu's family then drive. Home sat am so max can get back to school sun. :-(
21,8746,RT @handle: Help us help MusiCares! Vote for Charity on Facebook: http://bit.ly/72CP1Q
22,8746,@handle yum!!!! Save me some!!
23,8746,RT @handle: Gratitude is the sign of noble souls. ~Aesop #quote #gratitude
24,8746,@handle I don't think I know what it is!
25,8746,"RT @handle: @handle Just found you via @handle sheesh, @handle let's do a post for SY on this before winter break in Dec?"
26,8746,RT @handle: RT @handle: Travelling for the Holiday? Send us a pic of your Gettington Bag in action! ... http://bit.ly/704Oi3
27,8746,Just entering ohio - special hi to @handle!!
28,8746,@handle well we agree on one food thing friend - pumpkin pie! For that (and u) I am grateful #tweetsgiving
29,8746,@handle only 1!!!!!
30,8746,@handle only 4 more hours til Akron!
31,8746,@handle am driving to ohio...look fforward to responding sun....have a great holiday!
32,8746,@handle just ate at the King!!!!
33,8746,RT @handle: Good read: Harvard Business - Oprah Winfrey and Your Leadership Brand http://tinyurl.com/yks92ww #leadership #brand #marketing
34,8746,@handle u are a tough chick! Hope it did not ruin the banquet for u or dale!
35,8746,@handle we let jake take one last week when he had a half day...they need them too!
36,8746,@handle tennesee says hi back! Watching out for all the BKs but sure lunch will be W's!
37,8746,@handle ah hah....schools closed in atlanta today...only 8 more hours of driving...ugh...will say hi a little later!!!!
38,8746,@handle hi Lil! Driving thru tennessee now! Are p early!
39,8746,"RT @handle: Check it out- ""12 Extremely Effective Guerrilla Marketing Stunts""- http://tinyurl.com/damuxk"
40,8746,@handle glad u remembered! Have a great holiday!
41,8746,RT @handle: More Thanksgiving leftover ideas http://bit.ly/8hpVLJ
42,8746,@handle Thank you Rob - we are proud of the site!! Happy TDay!
43,8746,Night and Happy Thaksgiving to all my friends - old and new - tonight has been super! #anntaylor
44,8746,RT @handle: @handle Sounds amazing! Its going to be a cold winter here in NYC! #GNO @handle #anntaylor
45,8746,@handle Tellme about it
46,8746,"RT @handle: @handle Q12 Love the velvet jacket posted earlier, it's a must wear for the holidays! #gno #anntaylor"
47,8746,RT @handle: Now I'm dreaming of new boots and soft cashmere. Time to go shopping #gno #anntaylor
48,8746,RT @handle: RT @handle: Q12: WHAT ARE U MOST LOOKING FRWRD 2 WEARING THIS HOLIDAY SEASON? #gno #anntaylor
49,8746,@handle LOL!!!!
50,8746,RT @handle: RT @handle: Become a fan of the fashionable @handle FB page! http://www.facebook.com/AnnTaylor #gno #anntaylor
51,8746,@handle It is a litt;e boring working from home but when I travel oo la la! #anntaylor
52,8746,RT @handle: Become a fan of the fashionable @handle FB page! http://www.facebook.com/AnnTaylor PLS RT #gno #anntaylor
53,8746,!@handle Leaving at 6:00 am to drive to Akron OH to spend holiday with cousins #anntaylor
54,8746,@handle We have to compare notes! #anntaylor
55,8746,@handle Wish I had time to shop when I come - did a number here in Atl two weeks ago! #anntaylor
56,8746,RT @handle: o my gosh i have fallen in love all over again with ann taylor #gno #anntaylorstyle
57,8746,@handle Nice to see u here Andrew! #anntaylor
58,8746,"RT @handle: @handle Q10- statement necklace, blazer, LBD! #anntaylor #gno"
59,8746,RT @handle: @handle @handle @handle @handle @handle Thank you for the RT love!! MY PLEASURE!
60,8746,@handle I understand the urge!
61,8746,@handle U are so cute - I don't have one! #anntaylor
62,8746,@handle Without what? #anntaylor
63,8746,@handle Black pants would be the one thing I can't live withouth! #anntaylor
64,8746,@handle How many little black dresses do u have? #anntaylor
65,8746,RT @handle: http://twitpic.com/qtzls - @handle Q10: Every closet needs at least one LBD! http://bit.ly/6P6Bnw #anntaylor
66,8746,"RT @handle: @handle An ""LBD"" http://bit.ly/6jDdT5 #gno #anntaylor"
67,8746,RT @handle: RT @handle: @handle Q10: WHAT THE 1 WARDROBE PIECE U COULDNâ€™T LIVE W/OUT? PLS RT #gno #anntaylor
68,8746,RT @handle: RT @handle: @handle fab white shirts are a must have in everyone's wardrobe! #gno #anntaylor
69,8746,#anntaylor
70,8746,RT @handle: Q8: HOW HAVE U STRIVED 2B SUCCESSFUL IN DIFF AREAS OF UR LIFE (WORK/HOME/COMMUNITY)? PLS RT #gno #anntaylor
71,2423,Do NOT Pay For White Teeth! Mom's Whitening Method Exposed. The Results WILL Shock You. http://tinyurl.com/yhne2r4
72,2423,"Get a $500 rebate on Car Insurance, Get an instant quote now! http://tinyurl.com/yjobppf"
73,2423,Check out the coolest new FREE trend in the golf industry. http://tinyurl.com/ylsxj7s
74,2423,SECRET: White Teeth Trick! Dentists don't want you to know about THIS teeth whitening secret! http://tinyurl.com/yje432t
75,2423,"Do NOT Pay for White Teeth!! Learn the trick discovered by a mom to turn yellow teeth white, under $10. http://tinyurl.com/yk3xwwg"
76,2423,"Enter to win a FREE 50"" Panasonic HDTV http://tinyurl.com/yjnutld"
77,2423,Do NOT Pay For White Teeth! Learn the trick discovered by a mom to turn yellow teeth white for $5 http://tinyurl.com/yget3kl
78,2423,Do NOT Let the Dentist Fool You! Dentists don't want you to know about THIS teeth whitening secret! http://tinyurl.com/ykl7mmb
79,2423,Do NOT Pay For White Teeth! Mom's Whitening Method Exposed. The Results WILL Shock You. http://tinyurl.com/yzy2eft
80,2423,Do NOT Pay For Teeth Whitening!!! Learn the trick discovered by a mom to turn yellow teeth white for $5 http://tinyurl.com/yl8x594
81,2423,Cure Yellow Teeth: NO Dentist Required! Learn how Cathy did it from home. Learn More. http://tinyurl.com/yhfdzyf
82,2423,If you are interested in becoming a nurse check out this list of fine Online Schools of Nursing. http://tinyurl.com/yao5b7m
83,2423,"SECRET: ""White Teeth Trick"" - Learn from Cathy how she turned her yellow teeth white at home for $5! http://tinyurl.com/y8crhuh"
84,2423,At-Home Teeth Whitening: Does it work?? Check this out! http://tinyurl.com/ycyydg4
85,2423,DON'T Let The Dentist Fool You: Single mom discovers 1 simple trick to turn yellow teeth white from home. http://tinyurl.com/y8f9pmw
86,2423,Do NOT Let the Dentist Fool You! Dentists don't want you to know about THIS teeth whitening secret! http://tinyurl.com/y8j3udm
87,2423,BREAKING NEWS: A Santa Cruz Mom Found a Secret to Turn Yellow Teeth White at Home. Read the story http://tinyurl.com/yab9tfl
88,2423,Cure Yellow Teeth: NO Dentist Required! Learn how Cathy did it from home. Learn More. http://tinyurl.com/ybvh42u
89,2423,"Do NOT Pay for White Teeth!! Learn the trick discovered by a mom to turn yellow teeth white, under $10. http://tinyurl.com/ybpxb88"
90,2423,"Incredible! Get paid to read emails, try new products, take surveys,"
91,2423,SECRET: White Teeth Trick! Dentists don't want you to know about THIS teeth whitening secret! http://tinyurl.com/yd3dq26
92,2423,"SECRET: ""White Teeth Trick"" - Learn from Cathy how she turned her yellow teeth white at home for $5! http://tinyurl.com/ydfgxmt"
93,2423,"Jobless Mom makes $8,673/Month Part-Time Online! Read this special report to see how. http://tinyurl.com/yey7tmm"
94,2423,As cool as it gets! Charlie Sheen's line signature shirts. HOT-HOT-HOT!! http://tinyurl.com/lh3pl8
95,2423,You gotta check this out. Its an adult social network not a dating site. They got it right.. http://tinyurl.com/mdevmp
96,2423,"Cash rules! Being broke doesn't! Need Cash? Get up to $1,000 overnite! http://tinyurl.com/l9ay3j"
97,2423,Do NOT Pay For White Teeth! Learn the trick discovered by a mom to turn yellow teeth white for $5 http://tinyurl.com/nenonk
98,2423,"Do NOT Pay for White Teeth!! Learn the trick discovered by a mom to turn yellow teeth white, under $10. http://tinyurl.com/mw45ze"
99,2423,Do NOT Pay For Teeth Whitening!!! Learn the trick discovered by a mom to turn yellow teeth white for $5 http://p.gs/xjgmc
100,2423,"Get TRAINED and Make up to $59,460*!!! That's $1,120* per week! http://p.gs/5ndkq"
101,2423,"Jobless Mom makes $8,673/Month Part-Time Online! Read this special report to see how. http://tinyurl.com/q87yhk"
102,2423,Company giving away $250 Grocery gift card. Put in your zipcode to check availability! http://p.gs/9lhbi
103,2423,Scholarships4Moms is awarding another $10k for college FREE - Sept. 30th deadline. Register today! http://p.gs/gh2q2
104,2423,"Not sure if they are still giving away free samples, but if you need to lose weight this stuff is amazing http://p.gs/56cu3"
105,2423,i just found some great porn tune www.rudetube.info ...enjoy :D
106,564,"treat is awesome, but #trick is more fun."
107,564,"ou can learn a lot about how people see you by how you're listed. For example, it seems that people feel strongly that I work at Twitter."
108,564,"'m not sure when I switched from reading books in bed just before going to sleep to checking email, but I don't think it's healthy."
109,564,nother headphones cable on the fritz. I need to buy these things in bulk.
110,564,handle Get a magical parking card. http://bit.ly/zpKsH Available pre-tax through WageWorks.
111,564,k then. I'm just going to hold off for a little while and react to this later.
112,564,'m beginning to think this day would have gone better if I had started it differently. Mainly if I'd skipped the getting out of bed part.
113,564,"just finished season one of The Tudors, and omg you guys--you'll never believe how it ends!"
114,564,handle Perhaps ideal for the undead.
115,564,t's a good thing I have this never-ending mountain of email to sort though. Otherwise waiting on these tests would be boh-rring.
116,564,want there to be substantially less waiting in my day to day life.
117,564,mbroidery: cooler than you would think.
118,564,"handle called me a ""pretty little hate machine"". It made me blush."
119,564,"Don't cloud the wonder of this week with your little ...facts."""
120,564,block for misdirected @ replies.
121,564,handle No. I would burn alive contentedly at my laptop without ever having heard the fire alarm.
122,564,inally figured it out. There's only one escalator at this Bart station. It changes direction depending on the time of day.
123,564,'m watching the shipping casualty of this move hasten to its doom from the tracking page. Poor little guy. He has no idea what he's in for
124,564,handle Wow. Just... wow.
125,564,"ook a chance on some molasses clove cookies. Oh yeaaah, I live on the wild side. And it's tasty here."
126,564,handle What timezone are you in? Because if being up at 11pm makes you an insomniac then... *pats your head*
127,564,"handle Yes, and then she loaned it to me. But I can assure you, we both knew what we were getting into."
128,564,nyone who believes that you cannot judge a book by its cover has not seen the cover of this book: http://amzn.com/0373621353
129,564,"he prospect of a new office on Monday fills me with the kind of hope that scares me. (That is, any.)"
130,564,ust remembered my stressful dream. I sure hope @handle isn't mad at me still.
131,564,"handle Well, hello fellow moocher. Thanks for getting to it so quickly!"
132,564,"oday in cute: Cinder eats with his hands. Scoops up each piece of kibble with his paw and head tilted, daintily dishes it into his mouth."
133,564,othing will make you realize just how dumb something is as trying to explain it to someone else.
134,564,"he one thing that USPS has on UPS, FedEx and all other carriers: the forwarding address."
135,564,"We sincerely appreciate your feedback. But please note, there is a 250 character limit. Max exceeded."" Turns out I only needed four."
136,564,"'m going to be a full hour late to this thing. My only excuse? C'mon, it's Saturday."
137,564,onated to a public artistic preformance for the first time in years. It was both striking and silent.
138,564,"hinking warm, congratulatory thoughts towards the people who made that thing happen. You know who you are."
139,564,handle Never Forget.
140,564,bandoned cat is abandoned. http://sfbay.craigslist.org/eby/pet/1451640811.html Please adopt or RT.
141,564,"lright, that's it. Today calls for cookies."
142,564,"need something to cheer me up from my somber contemplation. Oh, this economics book will do quite nicely. What? ""Dismal"" is realtive."
143,564,"anted: a lightweight, fast, simple note taking web app that stores to the cloud and is on iphone. Note: omnifocus does not qualify AT ALL."
144,564,handle That is exactly as it should be.
145,564,hatever. It'll be like paypal. We'll just hire lots of laywers.
146,564,"hat ever happened to smelling salts anyway? Oh. ""Ammonia gas is toxic in large concentrations for prolonged periods, and can be fatal..."""
147,564,ENIUS money making idea: An alarm clock that involves smelling salts.
148,564,"lright you guys, I let you have your fun. But it's November--it's time to put the sun away now."
149,564,"handle I don't get the hate people have for Nickelback. Sure, they're poppy and derivative--but since when does that inspire such rage?"
150,564,"handle Critical mass represents almost, but not quite everything that I hate about San Francisco."
151,564,"handle I get that all the time. I block the misguided souls so they no longer appear in my timeline. (Their updates, not their souls.)"
152,3039,@handle Not a cool joke! I got pretty pissed for a split second! :)
153,3039,WOW! This morning has been a roller coaster! But I'm in such a great mood :D
154,3039,Feeling good. Just helped a little boy catch his runaway dog. :)
155,3039,The satisfaction you feel after writing a press release is like no other :)
156,3039,@handle What a great movie!!! Badder Santa too! Billy Bob Thorton is just too good! :D
157,3039,Hey @handle!! I'm sending @handle your way tomorrow! I know how much she'll benefit from all your expertise :D Have a great event!!
158,3039,Nice!!! :D RT @handle: @handle Coolest paper towels ever? ;-) #Cowboys http://twitpic.com/q5yz0
159,3039,Way to make me feel like crap about it!! :( #WiiFit http://pk.gd/JZ8
160,3039,I love when people show that they're not afraid of my dog. He's small with a really big bark and some people run for their lives. Just chi
161,3039,":D! @handle RT @handle: @handle wow, uli is the luckiest man on earth. :)"
162,3039,"@handle You know, punching bags do punch back :) Hope your day gets better."
163,3039,@handle Some things just aren't meant to mix... and other are :D Like football and sex :D
164,3039,@handle It's got everything you need: football and sex :D
165,3039,"@handle Thanks! :D If you need an extra body at your practices, let me know :) Just throwing it out there ;)"
166,3039,"@handle Hahaha! Thanks! Def look into it. It's tough, not your typical girlie league."
167,3039,"@handle Couldn't make it, but I tried out last year and want to try out again. :)"
168,3039,@handle Not at all :) I'm all for it!
169,3039,@handle That's interesting! It's all about relevance.
170,3039,@handle That would not be fun at all! Do you not like it?
171,3039,@handle Hell yea! I'm all pumped up now and want to go play!
172,3039,"@handle ""What"" what?"
173,3039,@handle Ohhhh. How'd it go? What did you discuss?
174,3039,A quick convo about the Lingerie Football League and I want to go hit a tackling dummy! Grrrrr!
175,3039,@handle Dude! You have to be wearing three shirts with all three collars popped! @handle @handle
176,3039,@handle Cool! Looking forward to meeting you in person! :D #SoFlaBlogUp
177,3039,RT @handle does anyone have a good pic from last night's @handle I can use 4 my column? full cred given (no pay)
178,3039,Looking forward to @handle's SoFla BlogUp Saturday! Who else is going?
179,3039,@handle Don't hate! @handle #Escorts #TweetYourPleasure
180,3039,@handle Aww :D She's sweet. Love how you guys are stepping it up and getting out there! Great job :D
181,3039,"@handle We could totally start up the first Twitter Escort business! ""Tweet Your Pleasure"" :D"
182,3039,"@handle How fun!!! If you happen to host another, I'll be there! :D"
183,3039,@handle @handle How was the Meet Market last night?
184,3039,@handle He seems kind of cool 2 me... :P The scruffy look is a good 1 4 him. I just really hope it doesnt get out of hand @handle
185,3039,@handle I'm glad you didn't try to find out for yourself :)
186,3039,"@handle Which lyric? My fave of his is ""I'm not a businessman. I'm a business, man."" :D"
187,3039,Someone just told me it's Wednesday. I almost slapped them! Don't mess w/ my days of the week! My dad and bro come in tomorrow!
188,3039,@handle What's up new friend!!
189,3039,@handle Hey! Is the Viking on Twitter? :)
190,9661,Ford vehicles called 'world-class' http://bit.ly/4ywe1g
191,9661,Ford vehicles called 'world-class' http://bit.ly/4ywe1g
192,9661,Ford Picks Chinaâ€™s Geely for Detailed Talks on Volvo http://bit.ly/2xiOwm
193,9661,Ford moves up in Consumer Reports reliability rankings http://bit.ly/2slZVf
194,9661,2010 Ford Taurus and Taurus SHO for SEMA - Auto Shows http://short.to/ve59
195,9661,Consumer Reports Gives Nod to Ford Reliability http://bit.ly/F0oqc
196,9661,Connect with us and be part of the Ford Story http://bit.ly/QJWLY
197,9661,Ford to unveil custom Mustangs at SEMA http://bit.ly/lHl1P
198,9661,â€œDrive Oneâ€� Shifts Gears to Add Customer Reactions http://bit.ly/2NFQvG
199,9661,What's the Diff? Ford F-150 SVT Raptor vs. Dodge Ram Power Wagon http://short.to/veqt
200,9661,A V6 Engine Like no Other http://bit.ly/QJWLY
201,9661,RT @handle We are working 4 Ford dealers on the West Coast 2 let public know about the Mustang GT customized by West Coast Customs.
202,9661,"RT @handle Did u know:texting on a cell phone while driving increases risk of accident 23 times?Leave sooner,text later, live longer!"
203,9661,"Due to increasing job duties, I can't tweet 6-7 times a day like before. I will, however, be able to tweet AT LEAST ONCE a day, if not mor"
204,9661,Ford Hauls Home a Host of Awards From Texas http://bit.ly/2F7vYt
205,9661,Sorry for the absence; I had to move my office and things have been crazy around here... but I'm back now and will try to catch up...
206,9661,@handle Awesome!!
207,9661,@handle Too funny.
208,9661,@handle Watching what? LOL
209,9661,@handle You are welcome!
210,9661,"Frozen, baked, rattled, stoned â€“ Ford Taurus endures extreme torture http://bit.ly/seEU2"
211,9661,"Alan Mulally to tout SYNC, new surprises in keynote at 2010 International CES http://bit.ly/2Ji3g5"
212,9661,The curious case of the quietest debuting diesel engine http://bit.ly/R9VFi
213,9661,New Taurus balances the 'bling' to project just the right image http://bit.ly/1a1q6Y
214,9661,FORD SERVICE DELIVERY NETWORK LEVERAGES THE 'CLOUD' TO PUSH REAL-TIME INFO TO SYNC USERS http://short.to/sais
215,9661,Survey says: Texting while driving 'very dangerous' http://bit.ly/3tr9Ce
216,9661,"2011 Super Duty: significantly improved torque, horsepower, class-leading fuel economy, towing & payload capability http://short.to/sain"
217,9661,"We have some great ""Save The Ta-Tas"" merchandise for sale, like a t-shirt that says, ""Cancer Can Take The Ta-Ta, But It Can't Take The Sex"
218,9661,We are still raising breast cancer awareness at the Rockdale County fair! Will be there thru the 4th; hope to see you there!
219,9661,@handle thanks for the RT!
220,9661,@handle LOL
221,9661,RT @handle~ @handle You'll love this - Deal or No Deal models showing off the 2010 Milan hybrid: http://bit.ly/WCmkW
222,9661,I haven't had time to twitter since I've been busy at the fair. We are selling $2 raffle tickets for a pedal car & have ta-tas merchandise
223,9661,Come see us at the Rockdale County Fair! We are promoting breast cancer awareness & have free stuff for you!
224,9661,@handle @handle Thanks for the mention!
225,9661,GET COUPONS FOR SERVICE! http://bit.ly/oMvn/Page/ServiceCouponsPage&fmccmp=fcom-maintain
226,1017,Robert Pattinson's Sexy Photo Shoot for Vanity Fair http://bit.ly/1i5mkk
227,1017,E News has confirmed that Mel Gibson and his GF Oksana welcomed a baby girl on Friday. Her name is Lucia.
228,1017,Shaken Seacrest Talks Stalker http://bit.ly/3IQnWf
229,1017,Check out Heidi Klum's Star-Studded Halloween Party http://bit.ly/USxni
230,1017,Click to see Angelina Jolie as a 16 yr old swimsuit model: http://bit.ly/3XNpMm
231,1017,"""Twilight"" Returning to Theaters the Night BEFORE ""New Moon"" http://bit.ly/2liH1a"
232,1017,Chelsea Handler's Big Playboy Reveal http://bit.ly/3Mbgb0
233,1017,Is Kim K Ready to be a Bride? http://bit.ly/MYvxy
234,1017,Taylor Swift to host SNL on Nov 7th. We hope there's a Kanye spoof!
235,1017,Leona Lewis Attacked at a Book Signing http://bit.ly/2SI3pD via @handle
236,1017,"Taylor Swift, Michael Jackson, Eminem Lead 2009 AMA Nominees"
237,1017,Heidi & Seal finally announced that their daughter Lou Sulola Samuel was born Friday night.
238,1017,"Kourtney Kardashian Expecting a Baby Boy. She tells E! exclusively â€œA boy is definitely needed in this family!"""
239,1017,Heidi Klum has filed papers to take on hubby Seal's last name. Do you like the sound of Heidi Samuel?
240,1017,Are you obsessed with Robert Pattinson? http://bit.ly/ZH155
241,1017,"Seth Rogen Goes ""Green"" http://bit.ly/3WZmKb"
242,1017,"E! News Now (@handle) is now on Facebook, please become a fan here: http://tinyurl.com/enewsnowfb #enewsnow #fb"
243,1017,RT @handle Jon Gosselin Nixed from Kate Plus 8 Equation http://bit.ly/3nxICZ
244,1017,Happy Follow Friday! Please follow @handle @handle @handle @handle @handle #followfriday #ff
245,1017,Jon Gosselin Gets His Yoga On http://bit.ly/nPNu9
246,1017,Reality show about the Jackson Family to premiere Dec 13 - will u watch?
247,1017,Is Oprah signing off in 2011? http://bit.ly/3Pl8BZ
248,1017,Taylor Lautner Shirtless - Again http://bit.ly/3iBaOE
249,1017,FIRST LOOK: Melrose Place promos with Heather Locklear http://bit.ly/CHYtr
250,1017,The Tonight Show offers Apology to Levi Johnston http://bit.ly/356vYh
251,1017,Khloe and Lamar Dish on Their Future http://bit.ly/3NgeXh
252,1017,Mariah Unveils Beach Bod on Video Shoot http://bit.ly/1Pv5OA
253,1017,Josh Duhamel's Alleged Mistress Speaks Out http://bit.ly/bx6yt
254,1017,Kim K Gets a Black Eye at Charity Boxing Event http://bit.ly/3cyWxC
255,1017,Robert Pattinson & Kristen Stewart's Steamy New Photo Spread http://bit.ly/Ug3cU
256,1017,Steve Martin and Alec Baldwin to Co-Host the Oscars. WIll u watch? http://bit.ly/2jbpSy
257,1017,Sandra Bullock in Custody Battle http://bit.ly/2ykjKT
258,1017,Ryan Seacrest's Alleged Stalker Pleads Not Guilty http://bit.ly/1iSKiT
259,1017,WATCH: Mariah Carey's Near Fall on The Jay Leno Show http://bit.ly/30aGrM
260,1017,Joanna & Derek are Heating Up DWTS http://bit.ly/1okOvA
261,1017,"FIRST LOOK: ""Keeping Up with the Kardashians: The Wedding"" http://bit.ly/N7mCw"
262,1017,Kristen Stewart DOESN'T want to be Angelina Jolie http://bit.ly/3j5nSh
263,1017,"Don't Call Demi Moore a Cougar (she prefers ""puma"") http://bit.ly/Vky09"
264,1017,Is Steven Tyler Quitting Aerosmith? http://bit.ly/4pVPjd
265,1017,FASHION FACEOFF: Katie & Suri Wear Matching Outfits http://bit.ly/4mAR8k
266,1017,Susan Boyle to Perform on DWTS http://bit.ly/414LR3
267,1017,Kristen Stewart Reveals Her Nickname for Robert Pattinson http://bit.ly/1GpOVl
268,1017,"E! News Now (@handle) is now on Facebook, please become a fan here: http://tinyurl.com/enewsnowfb"
269,1017,"RT @handle Hollywood stud Gerard Butler tells us he's not dating Jennifer Aniston. Hmm, do you believe him? http://tinyurl.com/yahbcsh #fb"
270,1017,It's official @handle and Lamar Odom are married! #fb
271,1017,It's official @handle and Lamar Odom are married!
272,1017,Sarah Michelle Gellar Gives Birth to Baby Girl http://bit.ly/koH1c
273,1017,Jaclyn Smith's rep tells E! that rumors of a suicide attempt are ABSOLUTELY NOT TRUE
274,1017,RT: @handle: Ok dolls...the rumors are true :) http://tinyurl.com/l8s6o8
275,1017,A-Rod and Kate's Playdate http://bit.ly/HAL7F
276,1017,Ashley Tisdale Goes Back to Blonde http://bit.ly/yevjw
277,1017,What did Kate Gosselin think of Kathy Griffin's Spoof? http://bit.ly/14sBk8
278,1017,Halle Berry Doesn't Have a Bun in the Oven http://bit.ly/UtBhq
279,1017,"Avril Lavigne Announces She's Splitting From Hubby - ""Deryck and I are separating and moving forward on a positive note"""
280,1017,Buh-bye Blonde! Kellie Pickler's a Redhead http://bit.ly/1d7xho
281,1017,Here's a Behind-the-Scenes look at Chelsea Handler's Playboy Spread: http://bit.ly/3PhTVK
282,1017,Carrie Prejean Threatens to Walk Off Live Interview http://bit.ly/41mt1F
283,1017,Mike Tyson Arrested! http://bit.ly/3xqU3
284,1017,Taylor Swift Cleans Up at the CMAs http://bit.ly/27P7Hb
285,1017,Jon Gosselin Makes Fun of Himself in New Video http://bit.ly/3OZGgD
286,1017,Will you be watching the CMAs tonight? We'll have a full wrap-up in the AM
287,1017,Steven Tyler says he's sticking with Aerosmith http://bit.ly/ifDn
288,1017,Rob & Kristen's Paris PDA http://bit.ly/vnirO
289,1017,Celine Dion Is Not Pregnant http://bit.ly/3oZqO6
290,1017,DWTS down to only 4 couples! Did your faves make the semifinals? http://bit.ly/hvoZj
291,1017,Carrie Underwood Keeps it Real http://bit.ly/1P39Q0
292,1017,Julianne Hough is Single Again http://bit.ly/1XNhVn
293,1017,Taylor Lautner Flexes His Muscles for Men's Health http://bit.ly/1BdHAg
294,1017,Glamour Honors Rihanna http://bit.ly/3fx0m4
295,1017,Mya Gets Perfect Score on DWTS http://bit.ly/4omztI
296,1017,Taylor Lautner Discusses His Leading Ladies http://bit.ly/eEEtg
297,1017,Carrie Prejean Admits to Naughty Video http://bit.ly/f36fP
298,1017,"""Gossip Girl"" Gets Racy http://bit.ly/3aHP9V Whatcha think of the threesome scene?"
299,1017,RT @handle Live Right Now! The Twilight Saga: New Moon Premiere http://bit.ly/1Ahzdl
300,1017,Fergie & Josh Duhamel Step Out Together Amidst Cheating Rumors http://www.eonline.com/videos/v47219_josh-and-fergie-reunite-in-nyc.html
301,1017,Janet Jackson Blames Dr. Murray for MJ's Death in New Intw http://www.eonline.com/videos/v47218_janet-jackson-points-the-blame.html
302,1017,Brangelina are now designing jewelry - click for deets: http://bit.ly/2li3F0
303,1017,Britney & Her Boys Take Sydney By Storm http://bit.ly/1t9LDT
304,1017,Jennifer Aniston Shows Off Her Bikini Bod http://bit.ly/3xL4dN
305,1017,Sarah Palin Speaks Out http://bit.ly/3okTSC
306,1017,Happy Follow Friday! Please follow @handle @handle @handle @handle @handle @handle #followfriday #ff
307,1017,"Julianne Hough says her split from Chuck Wicks is ""a good thing"" http://bit.ly/3HDXrZ"
308,1017,Actress Hayden Panettiere to executive produce a new CW medical drama
309,1017,"Ryan Seacrest & Ellen DeGeneres Chat About ""Idol"" http://bit.ly/4klolH"
310,1017,Wynonna Judd Apologizes to Taylor Swift http://bit.ly/3Ffm46
311,1017,Happy Follow Friday! @handle @handle @handle @handle @handle @handle #followfriday #ff
312,1017,Balloon Boy Parents Expected to Plead Guilty http://bit.ly/1zWQ4h
313,1017,Candy & Tori Spelling Reconcile http://www.eonline.com/videos/v47671_exclusive-candy-and-tori-reconcile.html
314,1017,SJP Regrets Her Crazy SATC 2 Schedule http://www.eonline.com/videos/v47669_sjp-spills-her-satc-regrets.html
315,1017,"RT @handle FL authories say Tiger is at fault in his single vehicle car crash, they'll issue him a citation and be done with it"
316,1017,White House Party Crashers Break Their SIlence http://www.eonline.com/videos/v47508_white-house-party-crashers-speak-out.html
317,1017,Nicole Richie's New TV Gig http://www.eonline.com/videos/v47509_nicole-richie-returning-to-tv.html
318,1017,Emma Watson Shows Off Her Bikini Bod http://www.eonline.com/videos/v47502_emma-watsons-hot-bikini-bod.html
319,1017,WATCH: Lady Gaga Take a Tumble on Stage in Montreal http://www.eonline.com/videos/v47503_lady-gaga-takes-a-tumble.html
320,1017,New Moon Cast Covers Entertainment Weekly http://www.eonline.com/videos/v47491_new-moon-casts-cover-threesome.html
321,1017,"Preview of tonight's ""Girls Next Door"" http://www.eonline.com/videos/v47483_girls-next-door-bring-the-rock.html"
322,1017,"Attention Twi- fans! ""Eclipse"" has a release date - June 30, 2010"
323,1017,Taylor Lautner Says He Was Bullied in High School http://www.eonline.com/videos/v47476_lautner-talks-high-school.html
324,1017,GMA Cancels Adam Lambert's Performance http://www.eonline.com/videos/v47480_gma-cancels-lambert-performance.html
325,1017,Who deserves to win DWTS? Mya? Donny? or Kelly?
326,1017,WATCH: Flying Ham Hits Paula Dean http://www.eonline.com/videos/v47473_flying-ham-pounds-paula-deen.html
327,1017,J. Lo Laughs Off AMA Fall http://www.eonline.com/videos/v47470_jennifer-lopez-laughs-off-fall.html
328,1017,Jon & Kate Plus 8 series finale airs tonight... here's a sneak peek: http://www.eonline.com/videos/v47472_jon-kate-saga-ends.html
329,1017,Oprah is ending her show in September 2011; she'll talk all about it on Friday's live show.
330,1017,Behind-the-scenes of Kim Kardashian's New Carl's Jr. Ad http://www.eonline.com/videos/v47242_kim-k-gets-sexy-with-a-salad.html
331,1017,Leighton Meester's Naughty GQ Spread http://www.eonline.com/videos/v47243_leighton-meesters-saucy-spread.html
332,1017,Heidi Klum Shows Off Post-Baby Bod http://www.eonline.com/videos/v47239_heidi-klums-post-baby-bod.html
333,1017,Nicole Richie Hospitalized for Pneumonia http://www.eonline.com/videos/v47238_nicole-richie-hospitalized.html
334,1017,Miley Cyrus Slams Twilight http://www.eonline.com/videos/v47235_miley-cyrus-hates-on-twilight.html
335,1017,Johnny Depp is People Mag's Sexiest Man Alive http://www.eonline.com/videos/v47236_johnny-depp-is-sexiest-man-alive.html
336,1017,Aaron Carter Owes Over $1 Million in Back Taxes http://www.eonline.com/videos/v47229_aaron-carters-taxing-day.html
337,1017,"Rachelle Lefevre on why she skipped the ""New Moon"" Premiere http://www.eonline.com/videos/v47227_new-moon-babe-skips-premiere.html"
338,1017,Sharon Stone's Fashion Don't http://www.eonline.com/videos/v47228_sharon-stones-fashion-dont.html
339,1017,Twi-stars reveal how they cope with fame at New Moon premiere http://www.eonline.com/videos/v47225_twilight-stars-cope-with-fame.html
340,1017,Blake Lively Spoofs Tiger's Wife on SNL http://www.eonline.com/videos/v47900_lively-flexes-funny-bone-on-snl.html
341,1017,Weezer frontman injured in tour bus crash http://www.eonline.com/videos/v47902_weezers-tour-bus-crashes.html
342,1017,We've got exclusive pics of new woman in Tiger Woods scandal http://www.eonline.com/videos/v47898_new-woman-in-tiger-scandal.html
343,1017,Adam Lambert set to appear on ABC again http://www.eonline.com/videos/v47901_abc-gives-lambert-a-chance.html
344,9976,"BROOKLINE- Boston University 4 Bed 2 Bath 3,000.00 Available 2009-09-01. For full listing click here http://bit.ly/zzdpj"
345,9976,"BOSTON - Back Bay 1 Bed 1 Bath 1,950.00 Available 2009-09-01. For full listing click here http://bit.ly/18Wnrv"
346,9976,"BOSTON - North End 2 Bed 2 Bath 3,995.00 Available Now. For full listing click here http://bit.ly/zIJkX"
347,9976,"BOSTON - North End 3 Bed 1 Bath 3,300.00 Available Now. For full listing click here http://bit.ly/48EwVv"
348,9976,"BROOKLINE- Boston University 2 Bed 1 Bath 1,995.00 Available 2009-09-01. For full listing click here http://bit.ly/138K38"
349,9976,"BOSTON - Back Bay 1 Bed 1 Bath 1,650.00 Available 2009-08-01. For full listing click here http://bit.ly/3vhPxB"
350,9976,"BOSTON - South Boston - East Side 1 Bed 1 Bath 1,300.00 Available 2009-09-01. For full listing click here http://bit.ly/ABgyJ"
351,9976,"BOSTON - Back Bay 1 Bed 1 Bath 2,000.00 Available 2009-07-15. For full listing click here http://bit.ly/19m4sC"
352,9976,"BOSTON - Back Bay 1 Bed 1 Bath 1,525.00 Available 2009-09-01. For full listing click here http://bit.ly/oTgrs"
353,9976,"BOSTON - Charlestown 1 Bed 1 Bath 1,550.00 Available 2009-07-20. For full listing click here http://bit.ly/DAcP2"
354,9976,"BOSTON - Lower Allston 2 Bed 1 Bath 1,400.00 Available 2009-03-01. For full listing click here http://bit.ly/Bm34Y"
355,9976,"BOSTON - South Boston - East Side 2 Bed 1.5 Bath 2,300.00 Available 2009-09-01. For full listing click here http://bit.ly/rgyiW"
356,9976,"BOSTON - South Boston - East Side 2 Bed 2 Bath 2,400.00 Available 2009-09-01. For full listing click here http://bit.ly/mT1ND"
357,9976,"BOSTON - South Boston - East Side 3 Bed 2 Bath 2,200.00 Available 2009-09-01. For full listing click here http://bit.ly/uHcyx"
358,9976,"BOSTON - Lower Allston 3 Bed 1.5 Bath 1,950.00 Available 2009-09-01. For full listing click here http://bit.ly/3it0Io"
359,9976,BOSTON - Allston 0 Bed 1 Bath 950.00 Available 2009-09-01. For full listing click here http://bit.ly/14JTxo
360,9976,"BOSTON - South Boston - Seaport 2 Bed 2 Bath 3,600.00 Available 2009-08-01. For full listing click here http://bit.ly/uxCT"
361,9976,"BOSTON - Brighton - Cleveland Circle 0 Bed 1 Bath 1,200.00 Available 2009-09-01. For full listing click here http://bit.ly/q1K9D"
362,9976,"BOSTON - Allston 2 Bed 1 Bath 1,450.00 Available 2009-09-01. For full listing click here http://bit.ly/juPxf"
363,9976,"BOSTON - North End 2 Bed 1 Bath 2,300.00 Available 2009-08-01. For full listing click here http://bit.ly/12rAtz"
364,9976,"BOSTON - North End 1 Bed 1 Bath 1,700.00 Available 2009-07-01. For full listing click here http://bit.ly/13DuwW"
365,9976,"BOSTON - Brighton - Brighton Center 4 Bed 2 Bath 2,400.00 Available 2009-09-01. For full listing click here http://bit.ly/43hZGw"
366,9976,"BOSTON - Brighton - Brighton Center 4.5 Bed 2 Bath 2,400.00 Available 2009-09-01. For full listing click here http://bit.ly/18efTw"
367,9976,"BOSTON - Mission Hill 5 Bed 2 Bath 4,000.00 Available 2009-09-01. For full listing click here http://bit.ly/DMw1I"
368,9976,"BOSTON - Beacon Hill 2 Bed 2.5 Bath 3,200.00 Available 2009-06-01. For full listing click here http://bit.ly/zifUl"
369,9976,"BOSTON - South End 2 Bed 1 Bath 2,200.00 Available 2009-06-15. For full listing click here http://bit.ly/Ilj6v"
370,9976,"BOSTON - Brighton - Cleveland Circle 0 Bed 1 Bath 1,200.00 Available 2009-06-01. For full listing click here http://bit.ly/FCZZw"
371,9976,"BOSTON - Allston 2 Bed 1 Bath 1,600.00 Available 2009-09-01. For full listing click here http://bit.ly/MaZgP"
372,9976,"BROOKLINE- Boston University 3 Bed 1 Bath 2,495.00 Available 2009-08-01. For full listing click here http://bit.ly/AJJ7d"
373,9976,"BOSTON - Allston 3 Bed 2 Bath 1,850.00 Available 2009-09-01. For full listing click here http://bit.ly/n1H7C"
374,9976,"BOSTON - South Boston - East Side 2 Bed 2 Bath 2,400.00 Available 2009-09-01. For full listing click here http://bit.ly/3MxcVy"
375,9976,"BOSTON - Allston 6 Bed 2 Bath 4,499.00 Available Now. For full listing click here http://bit.ly/JjV5I"
376,9976,"BOSTON - East Boston 2 Bed 1 Bath 1,595.00 Available 2009-09-01. For full listing click here http://bit.ly/qjuHO"
377,9976,"BOSTON - Charlestown 1 Bed 1 Bath 1,550.00 Available 2009-07-20. For full listing click here http://bit.ly/jqUm0"
378,7123,"Fair and 44 F at Martinsburg, Eastern W. Virginia Reg/Shepherdstown, WV Winds are from the West at 16.1 gusting to 25.3 http://s1z.us/jo.h"
379,7123,"Fair and 42 F at Martinsburg, Eastern W. Virginia Reg/Shepherdstown, WV Winds are from the West at 19.6 gusting to 26.5 http://s1z.us/jo.h"
380,7123,"A Few Clouds and 40 F at Martinsburg, Eastern W. Virginia Reg/Shepherdstown, WV Winds are from the West at 16.1 gusting http://s1z.us/jo.h"
381,7123,"Partly Cloudy and 39 F at Martinsburg, Eastern W. Virginia Reg/Shepherdstown, WV Winds are from the West at 13.8 gustin http://s1z.us/jo.h"
382,7123,"A Few Clouds and 39 F at Martinsburg, Eastern W. Virginia Reg/Shepherdstown, WV Winds are from the Northwest at 18.4 gu http://s1z.us/jo.h"
383,7123,"Fair and 39 F at Martinsburg, Eastern W. Virginia Reg/Shepherdstown, WV Winds are from the West at 18.4 gusting to 23.0 http://s1z.us/jo.h"
384,7123,"Mostly Cloudy and 39 F at Martinsburg, Eastern W. Virginia Reg/Shepherdstown, WV Winds are from the Northwest at 10.4 g http://s1z.us/jo.h"
385,7123,"Overcast and 40 F at Martinsburg, Eastern W. Virginia Reg/Shepherdstown, WV Winds are from the West at 10.4 gusting to http://s1z.us/jo.ht"
386,7123,"Overcast and 39 F at Martinsburg, Eastern W. Virginia Reg/Shepherdstown, WV Winds are from the West at 17.3 gusting to http://s1z.us/jo.ht"
387,7123,"Partly Cloudy and 38 F at Martinsburg, Eastern W. Virginia Reg/Shepherdstown, WV Winds are from the West at 19.6 gustin http://s1z.us/jo.h"
388,7123,EXPECT SCATTERED SPRINKLES AND FLURRIES ACROSS THE POTOMAC HIGHLANDS...NORTHERN SHENANDOAH VALLEY AND CATOCTINS THROUGH http://s3z.us/et.h
389,7123,"Fair and Windy and 38 F at Martinsburg, Eastern W. Virginia Reg/Shepherdstown, WV Winds are from the West at 28.8 gusti http://s1z.us/jo.h"
390,7123,"Mostly Cloudy and 38 F at Martinsburg, Eastern W. Virginia Reg/Shepherdstown, WV Winds are from the West at 16.1 gustin http://s1z.us/jo.h"
391,7123,THERE MAY BE A FEW LINGERING SPRINKLES ACROSS THE POTOMAC HIGHLANDS AND CATOCTINS THIS EVENING. ACROSS THE RIDGE TOPS T http://s3z.us/et.h
392,7123,"Overcast and 40 F at Martinsburg, Eastern W. Virginia Reg/Shepherdstown, WV Winds are from the West at 17.3 gusting to http://s1z.us/jo.ht"
393,7123,"Mostly Cloudy and 40 F at Martinsburg, Eastern W. Virginia Reg/Shepherdstown, WV Winds are from the Northwest at 12.7 g http://s1z.us/jo.h"
394,7123,THERE MAY BE A FEW LINGERING SPRINKLES ACROSS THE POTOMAC HIGHLANDS...CATOCTINS...AND NORTH CENTRAL MARYLAND INTO THE E http://s3z.us/et.h
395,7123,...WINTER WEATHER ADVISORY REMAINS IN EFFECT UNTIL 2 AM EST SATURDAY... UPSLOPE SNOW SHOWERS WILL BEGIN TO TAPER OFF TH http://s3z.us/et.h
396,7123,"Overcast and 42 F at Martinsburg, Eastern W. Virginia Reg/Shepherdstown, WV Winds are from the West at 15.0 gusting to http://s1z.us/jo.ht"
397,7123,ISOLATED SHOWERS WILL PUSH INTO THE NORTHERN SHENANDOAH VALLEY THIS AFTERNOON...WITH A FEW LINGER SHOWERS STILL PRESENT http://s3z.us/et.h
398,7123,"A Few Clouds and 42 F at Martinsburg, Eastern W. Virginia Reg/Shepherdstown, WV Winds are from the West at 18.4 gusting http://s1z.us/jo.h"
399,7123,SCATTERED SHOWERS WILL CONTINUE TO SLIDE DOWN INTO THE PIEDMONT AND FOOTHILL REGIONS OF NORTHERN VIRGINIA...NORTH CENTR http://s3z.us/et.h
400,7123,...WINTER WEATHER ADVISORY IN EFFECT UNTIL 2 AM EST SATURDAY... BANDS OF LIGHT TO MODERATE SNOW WILL CONTINUE TO MOVE I http://s3z.us/et.h
401,7123,"Partly Cloudy and 42 F at Martinsburg, Eastern W. Virginia Reg/Shepherdstown, WV Winds are from the West at 13.8 gustin http://s1z.us/jo.h"
402,7123,LIGHT RAIN SHOWERS WILL CONTINUE TO DISSIPATE AND MOVE EAST ACROSS PORTIONS OF HARFORD COUNTY THIS MORNING. MUCH OF THI http://s3z.us/et.h
403,7123,"Mostly Cloudy and 41 F at Martinsburg, Eastern W. Virginia Reg/Shepherdstown, WV Winds are West at 9.2 MPH (8 KT). The http://s1z.us/jo.ht"
404,7123,"Overcast and 41 F at Martinsburg, Eastern W. Virginia Reg/Shepherdstown, WV Winds are from the West at 8.1 gusting to 1 http://s1z.us/jo.h"
405,7123,"Overcast and 41 F at Martinsburg, Eastern W. Virginia Reg/Shepherdstown, WV Winds are Northwest at 8.1 MPH (7 KT). The http://s1z.us/jo.ht"
406,7123,...WINTER WEATHER ADVISORY REMAINS IN EFFECT UNTIL 2 AM EST SATURDAY... A WINTER WEATHER ADVISORY REMAINS IN EFFECT UNT http://s3z.us/et.h
407,7123,"Fair and 40 F at Martinsburg, Eastern W. Virginia Reg/Shepherdstown, WV Winds are West at 10.4 MPH (9 KT). The pressure http://s1z.us/jo.h"
408,7123,"A Few Clouds and 41 F at Martinsburg, Eastern W. Virginia Reg/Shepherdstown, WV Winds are from the Northwest at 13.8 gu http://s1z.us/jo.h"
409,7123,"Partly Cloudy and 41 F at Martinsburg, Eastern W. Virginia Reg/Shepherdstown, WV Winds are Northwest at 6.9 MPH (6 KT). http://s1z.us/jo.h"
410,7123,LIGHT SHOWERS WILL CONTINUE TO MOVE EAST ACROSS THE I-95 CORRIDOR FROM BALTIMORE TO FREDERICKSBURG...AS WELL AS SOUTHER http://s3z.us/et.h
411,7123,"Overcast and 43 F at Martinsburg, Eastern W. Virginia Reg/Shepherdstown, WV Winds are from the Northwest at 10.4 gustin http://s1z.us/jo.h"
412,7123,"Overcast and 43 F at Martinsburg, Eastern W. Virginia Reg/Shepherdstown, WV Winds are from the Northwest at 10.4 gustin http://s1z.us/jo.h"
413,7123,"Overcast and 44 F at Martinsburg, Eastern W. Virginia Reg/Shepherdstown, WV Winds are Northwest at 10.4 MPH (9 KT). The http://s1z.us/jo.h"
414,7123,LIGHT SHOWERS WILL CONTINUE EAST OF THE BLUE RIDGE ACROSS CENTRAL MARYLAND...THE CENTRAL FOOTHILLS AND NORTHERN VIRGINI http://s3z.us/et.h
415,7123,...WINTER WEATHER ADVISORY REMAINS IN EFFECT FROM 2 AM FRIDAY TO 2 AM EST SATURDAY... A WINTER WEATHER ADVISORY REMAINS http://s3z.us/et.h
416,2764,(Latigid) Donna Karan Speaks on Fashion Seasons at WWD CEO Summit - Women's Wear Daily http://bit.ly/2ZkyEM
417,2764,"(Latigid) Porsche Watches, Hirst Cabinet on Sale for Charity: Art Buzz http://bit.ly/3VUL23"
418,2764,"(Latigid) Donny Is a ""Pretty Tragic"" Semifinalist on Dancing With the Stars http://bit.ly/3FcyC1"
419,2764,(Latigid) Kym Ellery Interview For Bondi Style http://bit.ly/4CUvQp
420,2764,(Latigid) The Online Photographer: Two Lovely Books http://bit.ly/4yW3gD
421,2764,(Latigid) Jimmy Choo for H&M preview in New York: Luxe style meets affordable fashion ... - Examiner.com http://bit.ly/2secV9
422,2764,(Latigid) Toronto wedding photographer - Where Heaven Meets Earth photography is ... http://bit.ly/1I3YSJ
423,2764,"(Latigid) Lace & Tea Â» Blog Archive Â» Photography, {Fog of War} http://bit.ly/34xa8X"
424,2764,(Latigid) Say hello in style - Malaysia Star http://bit.ly/4vmot2
425,2764,(Latigid) Lynda Com Photoshop Cs4 Retouching Fashion Photography Projects ... http://bit.ly/1T9DzR
426,2764,"(Latigid) Angelina Jolie and Brad Pitt Design Sparkly, Slithery Things http://bit.ly/2ZQbkV"
427,2764,(Latigid) Vuitton Plea... Of Makeup and Mammals... House Fire at Nygard's Pad... - Women's Wear Daily http://bit.ly/4DnXJr
428,2764,(Latigid) Greece native Michael Spirito designs jewelry for the stars http://bit.ly/3tHD8f
429,2764,(Latigid) Ignition Firing Sequence - To the City http://bit.ly/2I6CIv
430,2764,"#Ghettofact Orange Jello is the name and flavor of orange jello, not your son's name."
431,2764,"#Ghettofact Fellas, if you fart in your sleep, your girl won't believe you when you say, ""I think my asshole had a nightmare."""
432,2764,"#Ghettofact Fellas, if you wash your ass with your girl's bath sponge, she's gonna know! P.S. don't use white towels either."
433,2764,#Ghettofact Surround sound is not having one TV on in the living room and the other loud as hell in the other room.
434,2764,#Ghettofact You can't get mad if your neighbor didn't pay his WiFi bill and you can't get on the internet.
435,2764,"#Ghettofact Ladies, before you take that beautiful, sexy picture of you in a thong, turn around and clean up your room!"
436,2764,"OK, my girl @handle needs 8 more people to reach 1,000 help here out with an early Monday morning follow! Thanks for the love!"
437,2764,just chillin (Broadcasting live at http://ustre.am/6flO)
438,2764,(Latigid) Seaside Heights - Women's Wear Daily http://bit.ly/3Jstkz
439,2764,(Latigid) Photo By STEVE FOXALL - Women's Wear Daily http://bit.ly/10TfNw
440,2764,(Latigid) Holiday events calendar http://bit.ly/T0IiZ
441,2764,(Latigid) Spring 2010 Trend: Seaside Heights - Women's Wear Daily http://bit.ly/4llMu2
442,2764,"I don't want the Colts to win, but I fucking hate the Patriots! DAMN! What to do?!!! @handle way to handle yo business today!!!"
443,2764,(Latigid) Jimmy Choo for H&M Launch in Shanghai: Frenzy! Chaos! ...Shoes? - Shanghaiist http://bit.ly/3z0N2D
444,2764,"(Latigid) Lauren Bacall, Roger Corman & Gordon Willis Earn Honorary Oscars http://bit.ly/hcwCD"
445,2764,(Latigid) Humans as Violins - &#39;Posters&#39; by Arjan Benning Make Noticeable ... http://bit.ly/4dobwx
446,2764,(Latigid) Need a knockout photo? They&#39;re game http://bit.ly/1Vhoit
447,2764,Who dat said they gone beat dem Saints WHODAT!!! 9-0 #WhoDat
448,2764,yo (Broadcasting live at http://ustre.am/6flO)
449,2764,Bush made that happen! #WhoDat
450,2764,@handle It was good to hear from you as well. Just let me know when you're ready.
451,2764,Young is doing an incredible job today! #WhoDat
452,2764,"Great game, great food, great atmosphere, great fun! There's nothing better than the New Orleans Saints on Sunday! Unless its Monday Night"
453,578,handle is it good? I really want to buy it too once I've got money again! Or maybe just ask it as a late birthday present! :)
454,578,HE GETS MURDERED IN THE MOSH :D okay really going now.. x]
455,578,ff to bed now! Got a volleyball match tomorrow. Have to get up at like.. 10 >< ON A SATURDAY?! WHO CAME UP WITH THAT?! xxxxx
456,578,nd it had been there for like 2 weeks already! So yeah I LOVE YOU @handle AND YOU ARE TOTALLY AWESOME! :D xxx
457,578,"kay off to bed now! Shout out to @handle, because I am ashamed that I only found out today that there was a new chapter of her awesomeness"
458,578,handle haha good luck with sleeping tonight! Bet you're all very excited already! :D
459,578,kay still didn't go downstairs. Gonna do that now though!
460,578,handle http://www.youtube.com/watch?v=YY6ddNX4_40&feature=sub
461,578,"onna play some guitar. I want to learn Papercut, but I can't find the chords of it :("
462,578,handle IM OKAY IM OKAY DONT KEEP ASKING ME I MIGHT DISINAGRATE!
463,578,"T @handle: Hitler was voted Time Magazine's ""Man of the Year"" in 1938. #omgfacts"
464,578,handle ALLES ADEMT EN LEEEEEEEEFT
465,578,handle eeehm lang laten!
466,578,handle NAAAA JABENJAAA BAMABI BAMABAAAAAAA
467,578,handle high en lowlights :)
468,578,handle tsssk
469,578,handle yada yada yada
470,578,handle too bad :( Hahahah x] yeah right :P
471,578,"rying my eyes out over a Take That video. Eerh yeah, don't blame me.."
472,578,"e is totally convinced I can do it with two fingers in my nose, which is kinda cute, I admit that!"
473,578,"ack from dinner. It was alright. I didn't get what I ordered. Which sucked >< but yeah, had a talk about my CAE's (brother: don't worry!)"
474,578,handle duuuuuuude.. Whatyadoing? I'm bored.. wanna entertain? :)
475,578,handle Hebben we feest?! :) Waar? wanneer?! :D
476,578,kay off now! YAAAAY DINNER!
477,578,es yes yes dinner time is almost there!
478,578,on't like the new Cheryl Cole video..
479,578,"handle Frost/Nixon @handle over de Watergate Affair, en hoe Frost een excusses uit Nixon wist te slepen. Echt fantastic!"
480,578,handle Frost/Nixon!
481,578,nly 30 minutes until I am finally having my dinner! I'm starving! :o
482,578,'m really starting to like stuff that has something to do with Law :)
483,578,hat was an amazing movie. I
484,578,handle mooooooon for when you get back.. PIEW PIEW
485,578,WANT SOME FOOD. yes originally by @handle but now I'm screaming it at the top of my lungs.. I'm serious too.
486,578,e're not having dinner for at least 1.5 hours :( oh you should hear my stomach.. it's talking to me.. yelling to get some food!
487,578,handle I'm almost done with the moon (A) *giggle*
488,578,handle NOOOO
489,578,onna watch Frost/Nixon <3 but if it's not as good as it seems I'll watch 9!
490,578,kay gonna watch a movie. Or do something. I'm hungry but I have to wait until we're going out for dinner later tonight ?>
491,578,"handle why would you have your dads picture? Oh wait a family one.. Change it, quickly! :O ;\"
